id,depth,qr,carbon,lat,lon,elevation,slope,ndvi,gssurgo_c
332a,a,621,1.89,36.2434519,-85.9074297,151.59,74.72,0.73,4370
332b,b,629,1.05,36.2434519,-85.9074297,151.59,74.72,0.73,4370
46a,a,458,1.86,36.24342864,-85.90733624,151.25,81.66,0.73,4370
46b,b,459,1.04,36.24342864,-85.90733624,151.25,81.66,0.73,4370
207b,b,882,0.94,36.24375742,-85.91889605,147.33,307.23,0.63,6292
207a,a,884,1.56,36.24375742,-85.91889605,147.33,307.23,0.63,6292
230b,b,712,1.44,36.24093129,-85.91635111,150.48,229.76,0.7,4370
230a,a,713,2.29,36.24093129,-85.91635111,150.48,229.76,0.7,4370
159a,a,755,1.74,36.24493495,-85.91501505,152.06,59.1,0.7,4370
159b,b,757,1.1,36.24493495,-85.91501505,152.06,59.1,0.7,4370
307a,a,748,1.56,36.24421121,-85.91436834,153,18.78,0.74,4370
307b,b,868,0.98,36.24421121,-85.91436834,153,18.78,0.74,4370
168a,a,724,1.67,36.24306219,-85.91822353,149.84,296.27,0.67,4496
168b,b,726,0.96,36.24306219,-85.91822353,149.84,296.27,0.67,4496
228a,a,780,1.72,36.24495051,-85.91633746,150.96,272.52,0.73,4496
228b,b,784,1.39,36.24495051,-85.91633746,150.96,272.52,0.73,4496
129b,b,645,1.39,36.2434728,-85.90763776,152.99,67.07,0.73,4370
129a,a,648,2.05,36.2434728,-85.90763776,152.99,67.07,0.73,4370
14a,a,749,2.06,36.24481428,-85.91508681,152.42,53.88,0.68,4370
14b,b,754,1.25,36.24481428,-85.91508681,152.42,53.88,0.68,4370
131a,a,818,1.76,36.24323383,-85.90860072,161.88,52.46,0.72,4496
131b,b,829,0.83,36.24323383,-85.90860072,161.88,52.46,0.72,4496
77a,a,668,1.95,36.24318683,-85.90737531,151.73,89.53,0.7,4370
77b,b,673,1.01,36.24318683,-85.90737531,151.73,89.53,0.7,4370
69a,a,638,1.75,36.24441147,-85.90827314,152.33,90,0.7,4370
69b,b,640,1.04,36.24441147,-85.90827314,152.33,90,0.7,4370
13b,b,671,1.1,36.24509608,-85.91017785,153.31,61.19,0.72,4370
13a,a,672,1.75,36.24509608,-85.91017785,153.31,61.19,0.72,4370
317b,b,559,0.51,36.24576322,-85.90701736,150.62,35.31,0.61,4496
317a,a,562,1.65,36.24576322,-85.90701736,150.62,35.31,0.61,4496
324a,a,516,2.06,36.24587035,-85.90844175,152.56,25.72,0.67,4496
324b,b,517,1.04,36.24587035,-85.90844175,152.56,25.72,0.67,4496
276a,a,605,1.48,36.24457862,-85.91218721,159.42,338.52,0.55,4496
276b,b,615,0.77,36.24457862,-85.91218721,159.42,338.52,0.55,4496
183a,a,822,1.29,36.24337545,-85.91732677,150.86,296.52,0.7,4496
183b,b,832,0.86,36.24337545,-85.91732677,150.86,296.52,0.7,4496
97a,a,910,2.24,36.23942735,-85.91613748,160.62,12.94,0.76,4370
97b,b,932,1.3,36.23942735,-85.91613748,160.62,12.94,0.76,4370
52b,b,417,0.96,36.24532019,-85.90780788,152.57,44.32,0.67,4496
52a,a,418,1.48,36.24532019,-85.90780788,152.57,44.32,0.67,4496
103a,a,361,1.31,36.24582335,-85.90957757,151.51,306.28,0.63,4496
103b,b,362,0.63,36.24582335,-85.90957757,151.51,306.28,0.63,4496
327a,a,553,1.69,36.24439564,-85.90835156,152.33,0,0.7,4370
327b,b,628,0.86,36.24439564,-85.90835156,152.33,0,0.7,4370
357b,b,585,0.95,36.24061348,-85.91343465,171.42,196.92,0.51,4370
357a,a,602,2.19,36.24061348,-85.91343465,171.42,196.92,0.51,4370
125b,b,456,0.94,36.24321716,-85.90714195,150.33,89.68,0.69,4370
125a,a,457,1.81,36.24321716,-85.90714195,150.33,89.68,0.69,4370
242b,b,545,0.56,36.24273211,-85.91661206,153.18,321.86,0.66,4370
242a,a,554,1.5,36.24273211,-85.91661206,153.18,321.86,0.66,4370
345a,a,716,1.7,36.24332046,-85.91731174,150.86,296.52,0.7,4496
345b,b,717,0.85,36.24332046,-85.91731174,150.86,296.52,0.7,4496
53b,b,551,1,36.245569,-85.90707937,151.03,38.69,0.65,4496
53a,a,558,1.46,36.245569,-85.90707937,151.03,38.69,0.65,4496
361a,a,980,1.4,36.2420933,-85.9162875,157.15,278.8,0.57,4370
361b,b,981,0.71,36.2420933,-85.9162875,157.15,278.8,0.57,4370
63a,a,344,2.07,36.24733025,-85.90857548,147.78,27.51,0.58,6292
63b,b,354,1.05,36.24733025,-85.90857548,147.78,27.51,0.58,6292
64b,b,358,0.77,36.24578053,-85.90947508,151.62,287.36,0.68,4496
188a,a,626,1.54,36.24523203,-85.91263295,151.83,273.01,0.68,4370
188b,b,653,0.78,36.24523203,-85.91263295,151.83,273.01,0.68,4370
7a,a,891,2.57,36.24252983,-85.90803369,160.2,69.15,0.7,4496
7b,b,892,1.29,36.24252983,-85.90803369,160.2,69.15,0.7,4496
134a,a,537,2.14,36.24505657,-85.9062174,149.07,91.52,0.57,4370
134b,b,538,1.93,36.24505657,-85.9062174,149.07,91.52,0.57,4370
89a,a,758,1.44,36.24538732,-85.91516216,151.27,34.39,0.68,4496
89b,b,759,0.77,36.24538732,-85.91516216,151.27,34.39,0.68,4496
162a,a,899,1.66,36.23971879,-85.91743536,163.33,17.61,0.74,4496
162b,b,902,1.13,36.23971879,-85.91743536,163.33,17.61,0.74,4496
263a,a,575,1.85,36.23997965,-85.91392823,165.32,269.08,0.44,4370
263b,b,589,1.03,36.23997965,-85.91392823,165.32,269.08,0.44,4370
61b,b,475,0.95,36.24514822,-85.90624144,149.07,89.92,0.57,4370
61a,a,541,1.73,36.24514822,-85.90624144,149.07,89.92,0.57,4370
16a,a,681,2.49,36.24493466,-85.91090376,157.72,13.77,0.62,4370
16b,b,684,0.74,36.24493466,-85.91090376,157.72,13.77,0.62,4370
358b,b,523,1.04,36.24063299,-85.91336075,171.38,173.51,0.51,4370
358a,a,587,2.08,36.24063299,-85.91336075,171.38,173.51,0.51,4370
142a,a,805,1.84,36.2448003,-85.91095665,159.25,0.84,0.53,4370
142b,b,806,0.75,36.2448003,-85.91095665,159.25,0.84,0.53,4370
132a,a,862,1.53,36.23981008,-85.91675079,160.14,23.46,0.75,4496
132b,b,863,0.92,36.23981008,-85.91675079,160.14,23.46,0.75,4496
108a,a,425,1.82,36.24541296,-85.90767058,152.34,41.06,0.67,4496
108b,b,426,0.95,36.24541296,-85.90767058,152.34,41.06,0.67,4496
150a,a,793,2.07,36.243437,-85.90955774,165.48,14.76,0.68,4496
150b,b,794,0.92,36.243437,-85.90955774,165.48,14.76,0.68,4496
110a,a,883,1.94,36.24236729,-85.90794187,159.9,81.36,0.73,4496
110b,b,994,1.22,36.24236729,-85.90794187,159.9,81.36,0.73,4496
344b,b,837,0.88,36.24434703,-85.91788535,147.62,326.43,0.7,6292
344a,a,843,1.38,36.24434703,-85.91788535,147.62,326.43,0.7,6292
240b,b,847,0.87,36.24038304,-85.9098676,166.65,351.92,0.68,4496
240a,a,853,2.03,36.24038304,-85.9098676,166.65,351.92,0.68,4496
70b,b,403,0.87,36.24572508,-85.9086579,152.63,2.03,0.67,4496
70a,a,404,1.85,36.24572508,-85.9086579,152.63,2.03,0.67,4496
87a,a,631,1.95,36.24533615,-85.91008013,152.62,61.85,0.67,4370
87b,b,632,0.98,36.24533615,-85.91008013,152.62,61.85,0.67,4370
305b,b,865,1.33,36.24393645,-85.91441007,155.1,17.82,0.77,4370
305a,a,1005,2.17,36.24393645,-85.91441007,155.1,17.82,0.77,4370
224a,a,807,1.88,36.24453618,-85.9174419,147.78,321.24,0.68,4496
224b,b,848,0.83,36.24453618,-85.9174419,147.78,321.24,0.68,4496
337b,b,838,1.12,36.24449464,-85.91744947,147.78,321.24,0.68,4496
337a,a,1000,2.18,36.24449464,-85.91744947,147.78,321.24,0.68,4496
333a,a,735,1.13,36.2439452,-85.91574011,152.03,251.68,0.79,4370
333b,b,739,0.7,36.2439452,-85.91574011,152.03,251.68,0.79,4370
68a,a,975,2.08,36.24230945,-85.90934263,166.8,128.93,0.64,4496
68b,b,976,1.18,36.24230945,-85.90934263,166.8,128.93,0.64,4496
213b,b,800,1,36.24305438,-85.91782158,150.3,312.73,0.68,4496
213a,a,803,1.78,36.24305438,-85.91782158,150.3,312.73,0.68,4496
227a,a,308,2.15,36.24146467,-85.91008711,166.18,343.31,0.77,4496
227b,b,321,0.97,36.24146467,-85.91008711,166.18,343.31,0.77,4496
266b,b,596,0.78,36.24013929,-85.9139653,165.38,260.29,0.43,4370
266a,a,597,1.8,36.24013929,-85.9139653,165.38,260.29,0.43,4370
347a,a,514,1.81,36.24512675,-85.9092254,152.09,272.67,0.72,4370
347b,b,515,1.11,36.24512675,-85.9092254,152.09,272.67,0.72,4370
170b,b,630,0.84,36.24555091,-85.91274868,151.61,238.59,0.7,4370
170a,a,674,1.82,36.24555091,-85.91274868,151.61,238.59,0.7,4370
82a,a,297,1.89,36.24616668,-85.90960892,151.12,323.34,0.64,4496
82b,b,313,1.05,36.24616668,-85.90960892,151.12,323.34,0.64,4496
257b,b,574,0.73,36.24029863,-85.91403182,165.23,237.08,0.44,4370
257a,a,598,2.11,36.24029863,-85.91403182,165.23,237.08,0.44,4370
121a,a,692,1.96,36.24362226,-85.91049032,164.7,2.9,0.66,4496
121b,b,693,1.17,36.24362226,-85.91049032,164.7,2.9,0.66,4496
49a,a,797,1.97,36.24324052,-85.90951062,165.75,34.5,0.68,4496
49b,b,798,0.94,36.24324052,-85.90951062,165.75,34.5,0.68,4496
48a,a,971,1.56,36.24229342,-85.90908029,165.69,106.04,0.68,4496
48b,b,972,1.04,36.24229342,-85.90908029,165.69,106.04,0.68,4496
264b,b,586,1.02,36.24020454,-85.91409689,163.79,245.17,0.57,4370
264a,a,599,1.94,36.24020454,-85.91409689,163.79,245.17,0.57,4370
223a,a,824,1.94,36.2434501,-85.91756192,150.37,315.88,0.7,4496
223b,b,825,0.86,36.2434501,-85.91756192,150.37,315.88,0.7,4496
176b,b,680,0.74,36.24388153,-85.91547178,152.38,241.92,0.74,4370
176a,a,734,1.83,36.24388153,-85.91547178,152.38,241.92,0.74,4370
222b,b,747,0.67,36.24384366,-85.91547935,152.38,241.92,0.74,4370
222a,a,869,1.69,36.24384366,-85.91547935,152.38,241.92,0.74,4370
66b,b,333,1.15,36.24710566,-85.90843949,148.34,17.69,0.55,4496
66a,a,336,2.12,36.24710566,-85.90843949,148.34,17.69,0.55,4496
346a,a,512,2.07,36.24520248,-85.90919969,152.07,273.69,0.66,4370
346b,b,513,1.13,36.24520248,-85.90919969,152.07,273.69,0.66,4370
130a,a,694,1.78,36.24337007,-85.91090921,166.55,163.89,0.73,4496
130b,b,695,1.08,36.24337007,-85.91090921,166.55,163.89,0.73,4496
338a,a,550,1.72,36.24408103,-85.91158153,166.89,354.85,0.73,4496
338b,b,622,1,36.24408103,-85.91158153,166.89,354.85,0.73,4496
244b,b,448,0.5,36.2428611,-85.91664582,152.38,325.19,0.66,4370
244a,a,449,1.89,36.2428611,-85.91664582,152.38,325.19,0.66,4370
245b,b,359,0.66,36.24602373,-85.90960754,151.22,324.22,0.64,4496
245a,a,360,1.56,36.24602373,-85.90960754,151.22,324.22,0.64,4496
258b,b,583,0.89,36.24007625,-85.9140759,164.39,263,0.57,4370
258a,a,584,1.65,36.24007625,-85.9140759,164.39,263,0.57,4370
33a,a,355,1.71,36.24062185,-85.91088358,165.28,63.73,0.71,4370
33b,b,356,1.02,36.24062185,-85.91088358,165.28,63.73,0.71,4370
62b,b,335,0.99,36.24062305,-85.91084287,165.45,144.87,0.71,4370
62a,a,357,1.06,36.24062305,-85.91084287,165.45,144.87,0.71,4370
123b,b,292,0.88,36.24584619,-85.91108687,153.92,39.01,0.69,4496
123a,a,302,1.84,36.24584619,-85.91108687,153.92,39.01,0.69,4496
99a,a,969,1.79,36.24248529,-85.90917812,166.41,117.11,0.68,4496
99b,b,970,1.25,36.24248529,-85.90917812,166.41,117.11,0.68,4496
44b,b,319,0.73,36.2444109,-85.9072961,152.56,201.44,0.7,4496
44b,b,386,1.06,36.2444109,-85.9072961,152.56,201.44,0.7,4496
44a,a,387,1.88,36.2444109,-85.9072961,152.56,201.44,0.7,4496
44a,a,413,1.52,36.2444109,-85.9072961,152.56,201.44,0.7,4496
4a,a,539,1.12,36.24512633,-85.90641335,150.07,79.53,0.6,4370
4b,b,540,0.58,36.24512633,-85.90641335,150.07,79.53,0.6,4370
160a,a,400,1.64,36.24577867,-85.90836232,152.68,24.93,0.67,4496
160b,b,402,1.09,36.24577867,-85.90836232,152.68,24.93,0.67,4496
342a,a,760,1.52,36.24600254,-85.91476565,148.51,345.32,0.74,4496
342b,b,774,1.18,36.24600254,-85.91476565,148.51,345.32,0.74,4496
166a,a,921,1.46,36.24067105,-85.91604747,150.73,33.16,0.76,4370
166b,b,924,0.85,36.24067105,-85.91604747,150.73,33.16,0.76,4370
216a,a,925,1.38,36.24070525,-85.91601578,150.72,236.11,0.76,4370
216b,b,997,0.9,36.24070525,-85.91601578,150.72,236.11,0.76,4370
86b,b,337,1.24,36.2471563,-85.90827821,147.67,24.28,0.56,6292
86a,a,353,2,36.2471563,-85.90827821,147.67,24.28,0.56,6292
54a,a,382,1.84,36.24533515,-85.90912599,152.26,270.52,0.66,4370
54b,b,383,1.09,36.24533515,-85.90912599,152.26,270.52,0.66,4370
101a,a,427,1.5,36.24499143,-85.90761821,152.92,285.22,0.7,4496
101b,b,431,0.95,36.24499143,-85.90761821,152.92,285.22,0.7,4496
313b,b,636,0.91,36.24539793,-85.91044842,153.35,44.65,0.69,4370
313a,a,639,2.18,36.24539793,-85.91044842,153.35,44.65,0.69,4370
178a,a,827,2.41,36.2435991,-85.91746228,150.12,316.51,0.7,4496
178b,b,886,0.91,36.2435991,-85.91746228,150.12,316.51,0.7,4496
11b,b,905,1.49,36.23861272,-85.91667491,179.11,17.4,0.76,3339
11a,a,979,2.45,36.23861272,-85.91667491,179.11,17.4,0.76,3339
22a,a,937,2.16,36.24119019,-85.90916508,165.29,117.14,0.73,4370
22b,b,977,1.69,36.24119019,-85.90916508,165.29,117.14,0.73,4370
234a,a,499,2.24,36.24522938,-85.90923585,152.07,273.69,0.68,4370
234b,b,511,1.13,36.24522938,-85.90923585,152.07,273.69,0.68,4370
120a,a,795,1.57,36.24311958,-85.90952581,166.24,20.74,0.68,4496
120b,b,796,1.12,36.24311958,-85.90952581,166.24,20.74,0.68,4496
247a,a,580,1.89,36.24020339,-85.91422203,163.02,243.02,0.57,4370
247b,b,592,1.06,36.24020339,-85.91422203,163.02,243.02,0.57,4370
315a,a,943,2.29,36.24119022,-85.9092184,165.29,117.14,0.68,4496
315b,b,974,1.42,36.24119022,-85.9092184,165.29,117.14,0.68,4496
348b,b,500,1.12,36.24527829,-85.90930064,151.83,259.98,0.68,4370
348a,a,510,2.04,36.24527829,-85.90930064,151.83,259.98,0.68,4370
42b,b,606,0.83,36.24588441,-85.90742285,150.83,47.01,0.71,4496
42a,a,612,1.84,36.24588441,-85.90742285,150.83,47.01,0.71,4496
174b,b,721,1.41,36.2432429,-85.9185723,148.84,283.49,0.68,4496
174a,a,722,2.3,36.2432429,-85.9185723,148.84,283.49,0.68,4496
329b,b,345,0.92,36.24715252,-85.90940896,148.79,357.6,0.54,4496
329a,a,347,1.77,36.24715252,-85.90940896,148.79,357.6,0.54,4496
340b,b,432,1.08,36.24423017,-85.91173368,165.92,346.57,0.71,4496
340a,a,433,1.35,36.24423017,-85.91173368,165.92,346.57,0.71,4496
286a,a,377,1.71,36.24568068,-85.91215011,153.12,222.18,0.65,4370
286b,b,378,0.86,36.24568068,-85.91215011,153.12,222.18,0.65,4370
221a,a,927,1.8,36.24046329,-85.91592552,150.93,278.58,0.76,4370
221b,b,928,1.39,36.24046329,-85.91592552,150.93,278.58,0.76,4370
308a,a,508,1.52,36.2453968,-85.90930656,151.95,243.05,0.68,4370
308b,b,509,0.7,36.2453968,-85.90930656,151.95,243.05,0.68,4370
335a,a,700,1.59,36.24360131,-85.91015863,164.95,352.95,0.67,4496
335b,b,701,0.88,36.24360131,-85.91015863,164.95,352.95,0.67,4496
189b,b,804,1.16,36.24319275,-85.91845172,149.19,282.03,0.68,4496
189a,a,810,1.68,36.24319275,-85.91845172,149.19,282.03,0.68,4496
362a,a,723,1.72,36.24320004,-85.91836275,149.38,289.14,0.67,4496
362b,b,725,1.29,36.24320004,-85.91836275,149.38,289.14,0.67,4496
34a,a,706,1.47,36.24286909,-85.90947177,167.21,34.53,0.67,4496
34b,b,707,1.22,36.24286909,-85.90947177,167.21,34.53,0.67,4496
319a,a,557,2.83,36.24024061,-85.91077839,167.78,29.72,0.72,4496
319b,b,603,2.5,36.24024061,-85.91077839,167.78,29.72,0.72,4496
109a,a,397,1.46,36.24482529,-85.9076636,152.82,264.33,0.72,4370
109b,b,401,0.88,36.24482529,-85.9076636,152.82,264.33,0.72,4370
136b,b,956,1.14,36.24352852,-85.90895991,162.95,51.14,0.72,4496
136a,a,959,1.88,36.24352852,-85.90895991,162.95,51.14,0.72,4496
186a,a,826,1.92,36.24377137,-85.91746817,149.7,317.76,0.7,4496
186b,b,828,1.27,36.24377137,-85.91746817,149.7,317.76,0.7,4496
29b,b,952,1.46,36.23992297,-85.91771562,162.51,23.14,0.67,4496
29a,a,953,2.49,36.23992297,-85.91771562,162.51,23.14,0.67,4496
81b,b,526,0.71,36.24630484,-85.90767425,150.06,39.99,0.62,4496
81a,a,528,1.57,36.24630484,-85.90767425,150.06,39.99,0.62,4496
26b,b,451,1.04,36.24236587,-85.90761168,156.9,82.49,0.68,4370
26a,a,463,1.99,36.24236587,-85.90761168,156.9,82.49,0.68,4370
135b,b,552,0.69,36.24599649,-85.90724239,150.02,40.43,0.61,4496
135a,a,607,1.65,36.24599649,-85.90724239,150.02,40.43,0.61,4496
95b,b,309,0.73,36.24207462,-85.91106017,164.58,130.35,0.7,4370
95a,a,311,1.89,36.24207462,-85.91106017,164.58,130.35,0.7,4370
179a,a,678,1.66,36.24406462,-85.91178425,166.71,339.73,0.71,4496
179b,b,688,0.83,36.24406462,-85.91178425,166.71,339.73,0.71,4496
147a,a,369,1.75,36.24618586,-85.9111318,152.53,52.51,0.68,4496
147b,b,371,1,36.24618586,-85.9111318,152.53,52.51,0.68,4496
76b,b,453,1.05,36.24242692,-85.90754377,156.63,72.41,0.66,4370
76a,a,604,2.04,36.24242692,-85.90754377,156.63,72.41,0.66,4370
283b,b,844,0.89,36.24342436,-85.91502437,152.33,194.61,0.75,4370
283a,a,866,1.6,36.24342436,-85.91502437,152.33,194.61,0.75,4370
301b,b,786,0.89,36.243461,-85.91500926,152.33,194.61,0.75,4370
301a,a,1006,1.45,36.243461,-85.91500926,152.33,194.61,0.75,4370
190a,a,926,1.56,36.24063553,-85.91586205,150.89,260.29,0.73,4370
190b,b,996,0.93,36.24063553,-85.91586205,150.89,260.29,0.73,4370
20b,b,813,0.98,36.24025603,-85.91678208,154.19,26.19,0.74,4496
20a,a,814,1.64,36.24025603,-85.91678208,154.19,26.19,0.74,4496
84a,a,906,2.14,36.23868108,-85.91656027,176.91,16.42,0.76,3339
84b,b,907,1.11,36.23868108,-85.91656027,176.91,16.42,0.76,3339
280a,a,367,1.58,36.2454993,-85.9090803,152.31,241.99,0.66,4496
280b,b,368,0.85,36.2454993,-85.9090803,152.31,241.99,0.66,4496
32a,a,452,2.07,36.24239026,-85.90752722,155.59,87.72,0.66,4370
32b,b,462,1.14,36.24239026,-85.90752722,155.59,87.72,0.66,4370
104b,b,872,0.87,36.23940154,-85.91583596,160.26,4.65,0.69,4370
104a,a,879,2.01,36.23940154,-85.91583596,160.26,4.65,0.69,4370
94b,b,530,0.95,36.246239,-85.90790199,150.78,29.15,0.62,4496
94a,a,531,1.78,36.246239,-85.90790199,150.78,29.15,0.62,4496
292a,a,351,1.69,36.24095709,-85.91174419,170.49,179.93,0.76,4370
292b,b,352,0.69,36.24095709,-85.91174419,170.49,179.93,0.76,4370
40a,a,393,1.4,36.24502637,-85.90679492,151.81,57.1,0.69,4496
40b,b,394,0.86,36.24502637,-85.90679492,151.81,57.1,0.69,4496
149b,b,461,0.87,36.24516683,-85.91061197,155.68,38.04,0.7,4370
149a,a,635,2.19,36.24516683,-85.91061197,155.68,38.04,0.7,4370
232a,a,446,1.3,36.24329189,-85.91637695,152.32,222.58,0.73,4370
232b,b,447,0.9,36.24329189,-85.91637695,152.32,222.58,0.73,4370
208a,a,769,1.62,36.24450705,-85.91618574,151.32,270.58,0.72,4496
208b,b,771,1.2,36.24450705,-85.91618574,151.32,270.58,0.72,4496
354b,b,954,1.01,36.24067004,-85.91762127,157.17,320.5,0.67,4496
354a,a,993,1.73,36.24067004,-85.91762127,157.17,320.5,0.67,4496
163b,b,527,0.94,36.24630862,-85.90785971,150.39,28.68,0.62,4496
163a,a,529,1.65,36.24630862,-85.90785971,150.39,28.68,0.62,4496
128b,b,395,1.05,36.24597205,-85.90817879,152.19,24.49,0.71,4496
128a,a,415,1.73,36.24597205,-85.90817879,152.19,24.49,0.71,4496
241a,a,460,1.45,36.2433297,-85.91625479,152.38,232.9,0.73,4370
241b,b,667,0.92,36.2433297,-85.91625479,152.38,232.9,0.73,4370
239a,a,750,1.62,36.24419785,-85.91525288,153.92,299.08,0.73,4370
239b,b,752,0.97,36.24419785,-85.91525288,153.92,299.08,0.73,4370
124b,b,860,1.24,36.23979922,-85.91552169,152.91,32.26,0.76,4370
124a,a,861,2.52,36.23979922,-85.91552169,152.91,32.26,0.76,4370
78b,b,565,0.84,36.24584879,-85.90710322,150.43,30.84,0.61,4496
78a,a,566,1.44,36.24584879,-85.90710322,150.43,30.84,0.61,4496
252a,a,544,1.59,36.24466294,-85.91223086,157.17,340.19,0.51,4496
252b,b,614,0.52,36.24466294,-85.91223086,157.17,340.19,0.51,4496
316a,a,652,1.76,36.24394754,-85.91031353,162.22,32.18,0.72,4496
316b,b,658,1.01,36.24394754,-85.91031353,162.22,32.18,0.72,4496
199b,b,775,0.96,36.24611698,-85.91479737,148.08,340.16,0.74,4496
199a,a,781,1.54,36.24611698,-85.91479737,148.08,340.16,0.74,4496
341a,a,647,1.5,36.24410989,-85.91803297,147.98,329.66,0.66,4496
341b,b,846,1.62,36.24410989,-85.91803297,147.98,329.66,0.66,4496
206a,a,922,1.23,36.24072476,-85.91604323,150.72,236.11,0.76,4370
206b,b,923,0.8,36.24072476,-85.91604323,150.72,236.11,0.76,4370
195b,b,411,0.86,36.24473373,-85.91622734,151.35,266.8,0.72,4496
195a,a,412,1.69,36.24473373,-85.91622734,151.35,266.8,0.72,4496
195b,b,772,1.05,36.24473373,-85.91622734,151.35,266.8,0.72,4496
195a,a,773,1.29,36.24473373,-85.91622734,151.35,266.8,0.72,4496
5a,a,908,2.3,36.23947864,-85.91607713,158.39,27.65,0.76,4370
5b,b,909,1.07,36.23947864,-85.91607713,158.39,27.65,0.76,4370
275b,b,946,2.61,36.23880516,-85.91791557,176.18,323.11,0.67,4370
275a,a,947,5.17,36.23880516,-85.91791557,176.18,323.11,0.67,4370
309b,b,465,1.08,36.24260901,-85.90762954,155.36,50.46,0.68,4496
309a,a,675,2.2,36.24260901,-85.90762954,155.36,50.46,0.68,4496
8b,b,903,1.04,36.24065044,-85.90958541,166.53,85.35,0.73,4496
8a,a,904,1.96,36.24065044,-85.90958541,166.53,85.35,0.73,4496
138b,b,450,1.2,36.24266401,-85.9076717,156.1,51.25,0.68,4496
138a,a,466,2.13,36.24266401,-85.9076717,156.1,51.25,0.68,4496
254a,a,582,1.81,36.24041935,-85.9136851,169.61,239.86,0.44,4370
254b,b,594,0.59,36.24041935,-85.9136851,169.61,239.86,0.44,4370
209b,b,875,0.75,36.24373624,-85.91855401,148.25,322.73,0.67,4496
209a,a,876,1.17,36.24373624,-85.91855401,148.25,322.73,0.67,4496
cf185b,b,287,0.8,36.24231928,-85.91161781,165.15,330.92,0.76,4496
cf185a,a,300,1.54,36.24231928,-85.91161781,165.15,330.92,0.76,4496
323a,a,963,1.66,36.24300426,-85.90869665,163.88,48.24,0.7,4496
323b,b,964,0.93,36.24300426,-85.90869665,163.88,48.24,0.7,4496
304a,a,486,1.23,36.24463706,-85.9081181,152.25,86.96,0.73,4370
304b,b,495,0.73,36.24463706,-85.9081181,152.25,86.96,0.73,4370
50a,a,323,1.53,36.24595716,-85.90683085,149.78,37.51,0.61,6292
50b,b,326,0.77,36.24595716,-85.90683085,149.78,37.51,0.61,6292
285a,a,685,1.39,36.24366734,-85.91170849,167.56,221.45,0.77,4370
285b,b,686,0.95,36.24366734,-85.91170849,167.56,221.45,0.77,4370
355b,b,600,0.76,36.2403253,-85.91372589,169.13,245.94,0.44,4370
355a,a,601,2.2,36.2403253,-85.91372589,169.13,245.94,0.44,4370
21b,b,661,1.07,36.24494299,-85.91050267,156.15,42.08,0.73,4370
21a,a,662,2.24,36.24494299,-85.91050267,156.15,42.08,0.73,4370
328a,a,491,1.62,36.2461023,-85.90813282,151.37,24.16,0.7,4496
328b,b,492,0.94,36.2461023,-85.90813282,151.37,24.16,0.7,4496
154b,b,655,1.12,36.24478721,-85.90943597,152.03,11.06,0.78,4370
154a,a,656,1.87,36.24478721,-85.90943597,152.03,11.06,0.78,4370
248a,a,588,2.15,36.24043529,-85.91379213,168.78,240.32,0.44,4370
248b,b,593,0.94,36.24043529,-85.91379213,168.78,240.32,0.44,4370
314a,a,555,1.78,36.24630955,-85.90676637,148.3,38.16,0.64,6292
314b,b,563,1.12,36.24630955,-85.90676637,148.3,38.16,0.64,6292
243a,a,696,2.52,36.24281298,-85.91017535,166.91,241.92,0.66,4496
243b,b,697,1.06,36.24281298,-85.91017535,166.91,241.92,0.66,4496
231a,a,444,1.39,36.24324668,-85.91636191,152.32,222.58,0.68,4370
231b,b,445,1,36.24324668,-85.91636191,152.32,222.58,0.68,4370
210a,a,867,1.45,36.24393605,-85.91696896,150.48,306.61,0.73,4496
210b,b,897,0.96,36.24393605,-85.91696896,150.48,306.61,0.73,4496
205a,a,736,1.72,36.24309586,-85.91904489,147.67,306.02,0.68,6292
205b,b,746,1.1,36.24309586,-85.91904489,147.67,306.02,0.68,6292
102a,a,967,1.65,36.24281007,-85.90881595,165.5,75.19,0.7,4496
102b,b,968,1.09,36.24281007,-85.90881595,165.5,75.19,0.7,4496
300b,b,348,0.87,36.24368415,-85.91192717,167.27,223.19,0.74,4370
300a,a,435,1.62,36.24368415,-85.91192717,167.27,223.19,0.74,4370
359b,b,434,0.82,36.24363037,-85.9118835,167.02,216.51,0.77,4370
359a,a,679,1.71,36.24363037,-85.9118835,167.02,216.51,0.77,4370
326b,b,669,1.09,36.24420773,-85.91008841,157.97,50.57,0.67,4496
326a,a,670,2.29,36.24420773,-85.91008841,157.97,50.57,0.67,4496
27a,a,934,2.43,36.23968498,-85.91581612,156.26,12.04,0.75,4370
27b,b,935,1.47,36.23968498,-85.91581612,156.26,12.04,0.75,4370
3b,b,663,0.9,36.24500419,-85.91071069,156.68,32.03,0.68,4370
3a,a,664,1.88,36.24500419,-85.91071069,156.68,32.03,0.68,4370
220b,b,857,0.95,36.24378656,-85.9170422,150.53,305.55,0.72,4496
220a,a,895,1.68,36.24378656,-85.9170422,150.53,305.55,0.72,4496
156a,a,443,2.7,36.24007103,-85.91122181,170.75,19.48,0.8,4496
156b,b,473,0.92,36.24007103,-85.91122181,170.75,19.48,0.8,4496
151a,a,439,1.55,36.24418103,-85.9112437,166.59,13.17,0.71,4496
151b,b,467,0.95,36.24418103,-85.9112437,166.59,13.17,0.71,4496
177a,a,851,1.68,36.24375308,-85.9181831,148.7,318.21,0.7,4496
177b,b,854,0.96,36.24375308,-85.9181831,148.7,318.21,0.7,4496
261b,b,912,0.94,36.24099826,-85.91560693,154.41,248.28,0.69,4370
261a,a,914,1.65,36.24099826,-85.91560693,154.41,248.28,0.69,4370
137a,a,702,1.57,36.24367426,-85.90953434,164.76,5.61,0.7,4496
137b,b,703,0.85,36.24367426,-85.90953434,164.76,5.61,0.7,4496
71a,a,965,1.64,36.24272686,-85.9085959,164.72,84.98,0.71,4496
71b,b,966,0.68,36.24272686,-85.9085959,164.72,84.98,0.71,4496
290a,a,277,1.63,36.24471431,-85.90800145,152.35,208.85,0.73,4370
290b,b,303,0.87,36.24471431,-85.90800145,152.35,208.85,0.73,4370
72a,a,408,1.68,36.2446549,-85.90669124,152.12,89.35,0.68,4496
72b,b,414,0.97,36.2446549,-85.90669124,152.12,89.35,0.68,4496
30b,b,535,0.91,36.2470572,-85.91012554,149.7,19.81,0.74,4496
30a,a,536,2.09,36.2470572,-85.91012554,149.7,19.81,0.74,4496
203b,b,1002,0.99,36.24521469,-85.91591695,152.28,280.99,0.69,4496
203a,a,1003,1.44,36.24521469,-85.91591695,152.28,280.99,0.69,4496
180a,a,738,1.32,36.24327857,-85.91905023,147.54,287.25,0.64,6292
180b,b,740,0.8,36.24327857,-85.91905023,147.54,287.25,0.64,6292
122a,a,542,2.21,36.24689884,-85.90991416,149.74,39.4,0.74,4496
122b,b,609,1.21,36.24689884,-85.90991416,149.74,39.4,0.74,4496
297a,a,363,1.84,36.24556517,-85.90889478,152.5,256.47,0.65,4496
297b,b,366,0.98,36.24556517,-85.90889478,152.5,256.47,0.65,4496
194b,b,651,0.89,36.24474929,-85.90934336,152.03,331.31,0.78,4370
194a,a,660,1.73,36.24474929,-85.90934336,152.03,331.31,0.78,4370
269b,b,569,0.78,36.23962068,-85.91435974,160.96,265.89,0.69,4370
269a,a,581,2.12,36.23962068,-85.91435974,160.96,265.89,0.69,4370
65b,b,549,1.1,36.24532533,-85.90617341,148.48,89.88,0.57,4370
65a,a,595,1.9,36.24532533,-85.90617341,148.48,89.88,0.57,4370
144b,b,409,0.64,36.24511412,-85.91066084,155.68,38.04,0.68,4370
144a,a,464,1.75,36.24511412,-85.91066084,155.68,38.04,0.68,4370
60b,b,365,0.96,36.24555914,-85.90903651,152.41,236.83,0.66,4496
60a,a,392,1.64,36.24555914,-85.90903651,152.41,236.83,0.66,4496
260b,b,578,0.69,36.23956686,-85.91423163,161.95,265.23,0.55,4370
260a,a,579,1.72,36.23956686,-85.91423163,161.95,265.23,0.55,4370
100a,a,570,2.68,36.24014909,-85.91099106,170.48,33.29,0.8,4496
100b,b,577,1.39,36.24014909,-85.91099106,170.48,33.29,0.8,4496
196a,a,776,1.29,36.24506754,-85.91675218,148.65,301,0.71,4496
196b,b,785,1,36.24506754,-85.91675218,148.65,301,0.71,4496
23a,a,933,1.67,36.24046045,-85.91670662,153.09,20.63,0.77,4370
23b,b,988,0.67,36.24046045,-85.91670662,153.09,20.63,0.77,4370
133a,a,900,1.52,36.24011963,-85.9176446,160.46,340.64,0.68,4496
133b,b,938,0.99,36.24011963,-85.9176446,160.46,340.64,0.68,4496
299b,b,422,0.66,36.24469585,-85.90777832,152.59,218.96,0.72,4370
299a,a,428,1.64,36.24469585,-85.90777832,152.59,218.96,0.72,4370
24b,b,642,1,36.24521176,-85.91075269,155.44,32.86,0.7,4370
24a,a,649,1.92,36.24521176,-85.91075269,155.44,32.86,0.7,4370
58b,b,657,1.03,36.24467227,-85.90924241,152.31,303.99,0.78,4370
58a,a,659,1.87,36.24467227,-85.90924241,152.31,303.99,0.78,4370
296b,b,279,0.96,36.24471912,-85.90785972,152.5,225.63,0.72,4370
296a,a,334,1.72,36.24471912,-85.90785972,152.5,225.63,0.72,4370
143b,b,281,0.94,36.24107076,-85.91078573,167.98,123.63,0.73,4370
143a,a,296,1.88,36.24107076,-85.91078573,167.98,123.63,0.73,4370
288b,b,687,0.94,36.24347636,-85.91175698,166.92,199.67,0.71,4370
288a,a,689,1.65,36.24347636,-85.91175698,166.92,199.67,0.71,4370
117b,b,901,0.89,36.2426449,-85.90841957,163.66,73.81,0.72,4496
117a,a,983,2.18,36.2426449,-85.90841957,163.66,73.81,0.72,4496
6b,b,396,0.84,36.24512911,-85.90698932,152.16,46.56,0.69,4496
6a,a,399,1.56,36.24512911,-85.90698932,152.16,46.56,0.69,4496
92b,b,471,1.29,36.23996583,-85.91099575,171.14,358.49,0.8,4496
92a,a,472,2.46,36.23996583,-85.91099575,171.14,358.49,0.8,4496
226b,b,744,1.06,36.24343627,-85.91924611,147.29,296.13,0.7,6292
226a,a,745,1.42,36.24343627,-85.91924611,147.29,296.13,0.7,6292
35a,a,441,1.76,36.24449327,-85.91030104,157.87,65.02,0.57,4496
35b,b,442,0.77,36.24449327,-85.91030104,157.87,65.02,0.57,4496
164a,a,454,2.28,36.24245277,-85.90729756,153.39,91.2,0.66,4370
164b,b,455,0.91,36.24245277,-85.90729756,153.39,91.2,0.66,4370
201b,b,830,0.97,36.24281488,-85.91854134,148.97,287.82,0.64,4496
201a,a,859,2.1,36.24281488,-85.91854134,148.97,287.82,0.64,4496
45a,a,708,1.6,36.24294426,-85.909051,165.55,45.89,0.69,4496
45b,b,792,0.87,36.24294426,-85.909051,165.55,45.89,0.69,4496
334a,a,698,2.19,36.24316675,-85.91017275,166.33,4.16,0.67,4496
334b,b,699,1.15,36.24316675,-85.91017275,166.33,4.16,0.67,4496
267b,b,468,0.73,36.24464804,-85.91178909,159.85,342.22,0.48,4496
267a,a,666,1.79,36.24464804,-85.91178909,159.85,342.22,0.48,4496
171b,b,812,0.95,36.24351697,-85.91691805,151.21,292.53,0.76,4496
171a,a,816,1.53,36.24351697,-85.91691805,151.21,292.53,0.76,4496
311a,a,676,1.9,36.24292912,-85.90763677,153.73,75.63,0.71,4496
311b,b,677,1.3,36.24292912,-85.90763677,153.73,75.63,0.71,4496
343b,b,502,0.73,36.24199758,-85.91056535,164.53,270,0.79,4370
343a,a,503,2.57,36.24199758,-85.91056535,164.53,270,0.79,4370
10b,b,476,0.61,36.24641752,-85.90815061,150.76,25.94,0.65,4496
10a,a,482,1.53,36.24641752,-85.90815061,150.76,25.94,0.65,4496
146b,b,714,1.14,36.24062604,-85.91642594,150.83,37.51,0.76,4370
146a,a,715,3.47,36.24062604,-85.91642594,150.83,37.51,0.76,4370
19a,a,293,1.8,36.2455009,-85.90974222,151.65,48.95,0.67,4370
19b,b,384,0.98,36.2455009,-85.90974222,151.65,48.95,0.67,4370
356a,a,753,1.74,36.24337339,-85.91520177,152.22,287.73,0.73,4370
356b,b,768,0.92,36.24337339,-85.91520177,152.22,287.73,0.73,4370
217a,a,817,1.71,36.2435158,-85.91702359,150.96,295.65,0.76,4496
217b,b,820,0.85,36.2435158,-85.91702359,150.96,295.65,0.76,4496
187b,b,1001,1.12,36.24518664,-85.91601498,151.84,276.89,0.71,6292
187a,a,1004,1.5,36.24518664,-85.91601498,151.84,276.89,0.71,6292
278b,b,950,0.66,36.23934017,-85.91768294,170.71,349.77,0.7,4496
278a,a,951,2.33,36.23934017,-85.91768294,170.71,349.77,0.7,4496
93b,b,421,0.86,36.2452483,-85.90813514,152.78,157.58,0.67,4496
93a,a,424,1.71,36.2452483,-85.90813514,152.78,157.58,0.67,4496
2b,b,625,1.18,36.24470798,-85.90902699,152.26,27.49,0.71,4370
2a,a,650,1.91,36.24470798,-85.90902699,152.26,27.49,0.71,4370
145a,a,790,1.7,36.24293333,-85.90910283,166.31,55.17,0.69,4496
145b,b,791,0.92,36.24293333,-85.90910283,166.31,55.17,0.69,4496
352b,b,616,0.74,36.24454909,-85.91180577,163.09,341.69,0.56,4496
352a,a,617,1.4,36.24454909,-85.91180577,163.09,341.69,0.56,4496
325a,a,534,1.92,36.24734476,-85.91015215,148.57,18.98,0.72,4496
325b,b,548,0.97,36.24734476,-85.91015215,148.57,18.98,0.72,4496
294b,b,322,1.4,36.24277781,-85.91085075,165.59,237.97,0.77,4496
cf294a,a,320,2.27,36.24277781,-85.91085075,165.59,237.97,0.77,4496
202a,a,379,1.65,36.24619341,-85.91151779,153.1,349.58,0.68,4496
202b,b,380,0.94,36.24619341,-85.91151779,153.1,349.58,0.68,4496
320b,b,506,0.79,36.24552356,-85.90955563,151.63,306.67,0.67,4370
320a,a,507,1.27,36.24552356,-85.90955563,151.63,306.67,0.67,4370
119a,a,533,2.06,36.24737645,-85.91001792,148.48,17.25,0.72,4496
119b,b,547,1.15,36.24737645,-85.91001792,148.48,17.25,0.72,4496
211a,a,850,1.37,36.24362429,-85.9189821,147.51,301.09,0.66,6292
211b,b,880,0.92,36.24362429,-85.9189821,147.51,301.09,0.66,6292
270b,b,808,1.26,36.24437207,-85.91835136,146.32,320.77,0.7,6292
141a,a,388,1.52,36.24550071,-85.90940598,151.86,259.01,0.67,4370
141b,b,391,0.37,36.24550071,-85.90940598,151.86,259.01,0.67,4370
55a,a,788,1.78,36.24292396,-85.9092938,166.85,51.29,0.67,4496
55b,b,789,0.87,36.24292396,-85.9092938,166.85,51.29,0.67,4496
116b,b,637,0.94,36.2441853,-85.90806559,151.94,43.07,0.73,4370
116a,a,643,1.86,36.2441853,-85.90806559,151.94,43.07,0.73,4370
282a,a,329,2.07,36.24284865,-85.91069096,166.06,246.62,0.8,4496
282b,b,330,1.07,36.24284865,-85.91069096,166.06,246.62,0.8,4496
246a,a,743,1.28,36.24444404,-85.91833191,146.32,320.77,0.7,6292
246b,b,841,1.14,36.24444404,-85.91833191,146.32,320.77,0.7,6292
36b,b,610,0.81,36.24608362,-85.9075282,150.21,36.59,0.67,4496
36a,a,611,1.46,36.24608362,-85.9075282,150.21,36.59,0.67,4496
140a,a,389,1.33,36.24546652,-85.90944371,151.69,264.4,0.67,4370
140b,b,390,0.55,36.24546652,-85.90944371,151.69,264.4,0.67,4370
43b,b,532,1.1,36.24758546,-85.91017605,147.95,20.7,0.68,4496
43a,a,613,2.55,36.24758546,-85.91017605,147.95,20.7,0.68,4496
175a,a,718,1.37,36.24312081,-85.916911,151.43,298.06,0.72,4370
175b,b,731,0.77,36.24312081,-85.916911,151.43,298.06,0.72,4370
215a,a,890,1.41,36.24371352,-85.91906194,147.15,301.26,0.66,6292
215b,b,893,1.06,36.24371352,-85.91906194,147.15,301.26,0.66,6292
274b,b,524,0.89,36.2394542,-85.91149979,168.09,172.5,0.69,4496
274a,a,525,2.34,36.2394542,-85.91149979,168.09,172.5,0.69,4496
59b,b,405,0.97,36.24610437,-85.90897075,151.87,351.72,0.64,4496
59a,a,406,1.59,36.24610437,-85.90897075,151.87,351.72,0.64,4496
59a,a,410,1.7,36.24610437,-85.90897075,151.87,351.72,0.64,4496
59b,b,479,0.93,36.24610437,-85.90897075,151.87,351.72,0.64,4496
236b,b,948,1.14,36.23852393,-85.91747103,184.2,349.89,0.76,3339
236a,a,949,2.8,36.23852393,-85.91747103,184.2,349.89,0.76,3339
17b,b,381,0.89,36.24534797,-85.90937446,151.81,300.79,0.68,4370
17a,a,385,1.38,36.24534797,-85.90937446,151.81,300.79,0.68,4370
155a,a,815,1.74,36.24373066,-85.9086719,160.13,36.52,0.72,4496
155b,b,896,0.74,36.24373066,-85.9086719,160.13,36.52,0.72,4496
212a,a,543,2.06,36.23954721,-85.91106791,168.85,160.32,0.76,4496
212b,b,546,1.04,36.23954721,-85.91106791,168.85,160.32,0.76,4496
279b,b,919,1.05,36.24199594,-85.91699428,153.34,255.63,0.62,4370
279a,a,920,1.35,36.24199594,-85.91699428,153.34,255.63,0.62,4370
259a,a,572,2.21,36.23949331,-85.91153594,168.09,172.5,0.71,4496
259b,b,591,1.3,36.23949331,-85.91153594,168.09,172.5,0.71,4496
198a,a,312,1.61,36.24158155,-85.91039904,165.59,342.86,0.75,4496
198b,b,314,0.75,36.24158155,-85.91039904,165.59,342.86,0.75,4496
287a,a,299,2.28,36.2426421,-85.91072648,165.33,196.55,0.76,4496
287b,b,307,1.34,36.2426421,-85.91072648,165.33,196.55,0.76,4496
152a,a,690,1.87,36.24360965,-85.91101639,167.09,86.26,0.77,4496
152b,b,691,0.98,36.24360965,-85.91101639,167.09,86.26,0.77,4496
200b,b,819,0.98,36.24413432,-85.91763372,148.46,311.93,0.7,4496
200a,a,821,1.64,36.24413432,-85.91763372,148.46,311.93,0.7,4496
167a,a,833,1.48,36.24348927,-85.91772322,149.89,330.45,0.66,4496
167b,b,840,1.2,36.24348927,-85.91772322,149.89,330.45,0.66,4496
126a,a,898,2.38,36.24120264,-85.90951403,166.21,98.88,0.68,4496
126b,b,978,1.06,36.24120264,-85.90951403,166.21,98.88,0.68,4496
277b,b,556,0.65,36.24446835,-85.91162641,163.46,357.46,0.59,4496
277a,a,568,1.66,36.24446835,-85.91162641,163.46,357.46,0.59,4496
253a,a,560,1.77,36.24446351,-85.91171538,163.38,351.78,0.56,4496
253b,b,561,0.93,36.24446351,-85.91171538,163.38,351.78,0.56,4496
249b,b,917,0.65,36.24152926,-85.91595629,157.06,219.49,0.54,4370
249a,a,918,1.4,36.24152926,-85.91595629,157.06,219.49,0.54,4370
83b,b,485,0.87,36.24658386,-85.90830207,150.22,18.04,0.56,4496
83a,a,487,1.98,36.24658386,-85.90830207,150.22,18.04,0.56,4496
298a,a,751,1.06,36.24339029,-85.91529579,152.32,111.96,0.73,4370
298b,b,770,0.81,36.24339029,-85.91529579,152.32,111.96,0.73,4370
197a,a,779,1.52,36.24474847,-85.9168763,148.93,296.73,0.74,6292
197b,b,787,1.39,36.24474847,-85.9168763,148.93,296.73,0.74,6292
184a,a,801,1.87,36.24359082,-85.91799453,149.34,328.98,0.7,4496
184b,b,811,1.09,36.24359082,-85.91799453,149.34,328.98,0.7,4496
251b,b,915,0.7,36.24139652,-85.91597404,154.77,209.82,0.54,4370
251a,a,916,1.74,36.24139652,-85.91597404,154.77,209.82,0.54,4370
106a,a,710,2.31,36.24077037,-85.91673189,151.22,34.58,0.76,4370
106b,b,711,0.97,36.24077037,-85.91673189,151.22,34.58,0.76,4370
67b,b,483,1.03,36.24655216,-85.90857419,150.49,16.43,0.65,4496
67a,a,484,1.7,36.24655216,-85.90857419,150.49,16.43,0.65,4496
91b,b,990,1.16,36.24077962,-85.91686425,151.05,60.11,0.73,4370
91a,a,991,1.56,36.24077962,-85.91686425,151.05,60.11,0.73,4370
262a,a,573,1.96,36.24053076,-85.91410716,166.33,227.77,0.59,4370
262b,b,590,1.15,36.24053076,-85.91410716,166.33,227.77,0.59,4370
88a,a,373,1.94,36.24661208,-85.91082532,151.48,37.59,0.71,4496
88b,b,374,1.06,36.24661208,-85.91082532,151.48,37.59,0.71,4496
181b,b,727,1.36,36.24294362,-85.91867055,148.72,270.51,0.69,4496
181a,a,998,2.37,36.24294362,-85.91867055,148.72,270.51,0.69,4496
153a,a,469,1.76,36.2444521,-85.90880385,152.92,37.41,0.72,4370
153b,b,620,0.98,36.2444521,-85.90880385,152.92,37.41,0.72,4370
98b,b,474,0.9,36.24420422,-85.90776872,151.72,142.19,0.69,4370
98a,a,634,2.97,36.24420422,-85.90776872,151.72,142.19,0.69,4370
339b,b,887,1.01,36.24415475,-85.91767297,148.46,311.93,0.7,4496
339a,a,888,1.63,36.24415475,-85.91767297,148.46,311.93,0.7,4496
85b,b,488,0.49,36.2468335,-85.90852797,149.36,16.66,0.6,4496
85a,a,489,1.32,36.2468335,-85.90852797,149.36,16.66,0.6,4496
284b,b,278,1.11,36.24243115,-85.91065576,164.7,191.15,0.72,4370
284a,a,290,2.09,36.24243115,-85.91065576,164.7,191.15,0.72,4370
182a,a,845,0.86,36.24427764,-85.91763607,148.24,314.22,0.7,4496
182b,b,999,0.79,36.24427764,-85.91763607,148.24,314.22,0.7,4496
111b,b,375,0.76,36.24640096,-85.90954783,151,335.1,0.63,4496
111a,a,376,1.55,36.24640096,-85.90954783,151,335.1,0.63,4496
79a,a,419,1.67,36.24565658,-85.90754585,151.58,45.94,0.7,4496
312a,a,957,1.73,36.24340995,-85.90926765,164.95,45.23,0.7,4496
312b,b,958,0.68,36.24340995,-85.90926765,164.95,45.23,0.7,4496
118a,a,633,1.7,36.24331745,-85.90794925,156.65,70.88,0.71,4370
118b,b,646,0.82,36.24331745,-85.90794925,156.65,70.88,0.71,4370
214b,b,730,0.87,36.24326817,-85.91779125,150.1,300.55,0.66,4496
214a,a,835,1.53,36.24326817,-85.91779125,150.1,300.55,0.66,4496
289a,a,992,1.78,36.24001653,-85.90989508,166.36,164.89,0.72,4496
289b,b,995,0.57,36.24001653,-85.90989508,166.36,164.89,0.72,4496
114a,a,623,1.53,36.24433602,-85.90878436,153.3,23.18,0.72,4370
114b,b,627,0.99,36.24433602,-85.90878436,153.3,23.18,0.72,4370
229b,b,728,0.88,36.24319606,-85.91773402,150.25,303.56,0.68,4496
229a,a,836,1.4,36.24319606,-85.91773402,150.25,303.56,0.68,4496
172a,a,766,1.58,36.24591435,-85.91513078,148.49,339.25,0.73,4496
172b,b,767,1.14,36.24591435,-85.91513078,148.49,339.25,0.73,4496
233b,b,985,0.78,36.24240027,-85.91688732,153.31,297.27,0.62,4370
233a,a,987,1.75,36.24240027,-85.91688732,153.31,297.27,0.62,4370
235b,b,982,0.85,36.24235752,-85.9169145,153.47,292.89,0.62,4370
235a,a,984,1.45,36.24235752,-85.9169145,153.47,292.89,0.62,4370
330b,b,885,0.91,36.24200643,-85.90929466,166.06,102.01,0.71,4496
330a,a,889,1.81,36.24200643,-85.90929466,166.06,102.01,0.71,4496
56a,a,756,1.53,36.24556369,-85.91510394,150.48,14.62,0.71,4496
56b,b,761,1.11,36.24556369,-85.91510394,150.48,14.62,0.71,4496
192a,a,737,1.3,36.24392078,-85.91577029,152,283.38,0.79,4370
192b,b,741,0.68,36.24392078,-85.91577029,152,283.38,0.79,4370
204b,b,764,1.12,36.2459645,-85.91524684,148.28,333.44,0.76,6292
204a,a,765,2.04,36.2459645,-85.91524684,148.28,333.44,0.76,6292
225a,a,799,1.52,36.24328655,-85.91790432,150.01,301.53,0.67,4496
225b,b,802,0.9,36.24328655,-85.91790432,150.01,301.53,0.67,4496
218a,a,823,1.85,36.24298645,-85.91881526,148.31,288.26,0.68,4496
218b,b,858,1.34,36.24298645,-85.91881526,148.31,288.26,0.68,4496
191a,a,762,1.84,36.24608906,-85.91513967,147.39,336.91,0.73,4496
191b,b,763,1.36,36.24608906,-85.91513967,147.39,336.91,0.73,4496
9b,b,416,0.87,36.24557413,-85.90788835,152.24,43.75,0.67,4496
9a,a,420,1.59,36.24557413,-85.90788835,152.24,43.75,0.67,4496
139a,a,855,3.01,36.24262028,-85.90810447,160.38,58.6,0.7,4496
139b,b,894,1.7,36.24262028,-85.90810447,160.38,58.6,0.7,4496
360b,b,493,0.72,36.24502497,-85.90858317,152.34,218.42,0.7,4370
360a,a,494,1.62,36.24502497,-85.90858317,152.34,218.42,0.7,4370
1b,b,316,1.1,36.24005072,-85.91206012,171.49,73.4,0.72,4496
1a,a,343,2.01,36.24005072,-85.91206012,171.49,73.4,0.72,4496
336a,a,777,1.67,36.24494916,-85.9165211,149.75,293.87,0.71,4496
336b,b,778,1.4,36.24494916,-85.9165211,149.75,293.87,0.71,4496
238b,b,931,1.06,36.2422804,-85.9166115,154.89,285.07,0.62,4370
238a,a,986,1.72,36.2422804,-85.9166115,154.89,285.07,0.62,4370
302a,a,874,1.77,36.23998053,-85.91631079,153.98,44.84,0.75,4370
302b,b,881,1.2,36.23998053,-85.91631079,153.98,44.84,0.75,4370
28b,b,864,1.23,36.23958008,-85.91670303,163.52,30.05,0.75,4496
28a,a,942,1.94,36.23958008,-85.91670303,163.52,30.05,0.75,4496
321a,a,939,1.82,36.23957037,-85.91671285,163.52,30.05,0.75,4496
321b,b,941,1.16,36.23957037,-85.91671285,163.52,30.05,0.75,4496
75b,b,849,0.75,36.24180728,-85.90929334,166.01,83.02,0.69,4496
75a,a,856,1.73,36.24180728,-85.90929334,166.01,83.02,0.69,4496
158b,b,624,1.02,36.24375295,-85.9072942,150.85,80.13,0.72,4370
158a,a,644,2.18,36.24375295,-85.9072942,150.85,80.13,0.72,4370
115b,b,339,1.14,36.23987414,-85.91088427,171.08,171.49,0.8,4496
115a,a,496,4.05,36.23987414,-85.91088427,171.08,171.49,0.8,4496
31a,a,340,2.31,36.24730261,-85.90904044,148.14,18.72,0.61,4496
31b,b,341,1.22,36.24730261,-85.90904044,148.14,18.72,0.61,4496
96b,b,398,0.77,36.24450648,-85.90777699,152.35,205.5,0.72,4370
96a,a,407,1.8,36.24450648,-85.90777699,152.35,205.5,0.72,4370
255a,a,852,1.69,36.24065731,-85.91546399,153.82,246.4,0.73,4370
255b,b,913,1.04,36.24065731,-85.91546399,153.82,246.4,0.73,4370
80b,b,280,1.15,36.24716753,-85.90788904,146.72,31.2,0.59,6292
80a,a,490,2.05,36.24716753,-85.90788904,146.72,31.2,0.59,6292
281a,a,291,2.16,36.2450371,-85.90842785,152.44,216.35,0.7,4370
281b,b,301,0.83,36.2450371,-85.90842785,152.44,216.35,0.7,4370
15a,a,608,1.65,36.24316003,-85.90763504,153.64,81.6,0.71,4496
15b,b,654,1.16,36.24316003,-85.90763504,153.64,81.6,0.71,4496
193b,b,304,0.66,36.24591497,-85.91174271,153.96,357.87,0.67,4370
193a,a,349,1.48,36.24591497,-85.91174271,153.96,357.87,0.67,4370
57b,b,709,0.97,36.24064211,-85.91679381,152.04,56.39,0.73,4370
57a,a,989,2.05,36.24064211,-85.91679381,152.04,56.39,0.73,4370
303a,a,477,1.84,36.24433983,-85.90661805,150.56,114.74,0.67,4370
303b,b,478,1.09,36.24433983,-85.90661805,150.56,114.74,0.67,4370
353b,b,571,0.78,36.23986099,-85.91364187,169.58,278.25,0.44,4370
353a,a,576,1.95,36.23986099,-85.91364187,169.58,278.25,0.44,4370
39b,b,564,1.19,36.24662412,-85.90700972,147.84,28.53,0.65,6292
39a,a,567,1.81,36.24662412,-85.90700972,147.84,28.53,0.65,6292
271b,b,682,0.84,36.2447505,-85.91149196,158.99,351.53,0.5,4370
271a,a,683,1.69,36.2447505,-85.91149196,158.99,351.53,0.5,4370
90a,a,438,1.4,36.24400975,-85.91083223,166.03,91.16,0.76,4496
90b,b,440,0.81,36.24400975,-85.91083223,166.03,91.16,0.76,4496
51b,b,338,1.35,36.24008862,-85.91209627,171.42,35,0.72,4496
51a,a,350,2.16,36.24008862,-85.91209627,171.42,35,0.72,4496
256b,b,929,1.18,36.24260912,-85.91625734,154.79,329.28,0.59,4370
256a,a,930,1.85,36.24260912,-85.91625734,154.79,329.28,0.59,4370
237a,a,831,1.25,36.2423519,-85.91787645,150.81,271.35,0.6,4496
237b,b,834,0.7,36.2423519,-85.91787645,150.81,271.35,0.6,4496
127a,a,370,1.92,36.24566303,-85.9091103,152.39,261.9,0.66,4496
127b,b,372,0.98,36.24566303,-85.9091103,152.39,261.9,0.66,4496
291b,b,429,0.79,36.24467263,-85.90775572,152.59,218.96,0.72,4370
291a,a,430,1.94,36.24467263,-85.90775572,152.59,218.96,0.72,4370
113a,a,704,1.4,36.24278786,-85.90965437,167.65,16.06,0.67,4496
113b,b,705,0.54,36.24278786,-85.90965437,167.65,16.06,0.67,4496
73b,b,961,1.01,36.24318023,-85.9087568,163.31,54.38,0.7,4496
73a,a,962,2.01,36.24318023,-85.9087568,163.31,54.38,0.7,4496
38b,b,324,0.94,36.24610998,-85.90646173,148.53,35.05,0.61,6292
38a,a,325,1.47,36.24610998,-85.90646173,148.53,35.05,0.61,6292
148a,a,436,1.67,36.24420444,-85.910915,165.92,11.15,0.71,4496
331b,b,497,1.4,36.24575039,-85.90805324,152.28,53.1,0.69,4496
331a,a,498,1.84,36.24575039,-85.90805324,152.28,53.1,0.69,4496
74a,a,342,2.6,36.24762024,-85.90991122,147.48,16.46,0.68,4496
74b,b,346,1.27,36.24762024,-85.90991122,147.48,16.46,0.68,4496
18a,a,955,1.85,36.24340537,-85.90885603,162.94,51.31,0.73,4496
18b,b,960,1.01,36.24340537,-85.90885603,162.94,51.31,0.73,4496
107a,a,619,1.55,36.24362063,-85.90733026,151.05,76,0.72,4370
107b,b,641,0.99,36.24362063,-85.90733026,151.05,76,0.72,4370
169b,b,729,0.8,36.24302299,-85.91719569,151.37,317.73,0.73,4496
169a,a,733,1.6,36.24302299,-85.91719569,151.37,317.73,0.73,4496
161a,a,877,1.97,36.23986237,-85.91752636,162.81,25.98,0.75,4496
161b,b,911,1.24,36.23986237,-85.91752636,162.81,25.98,0.75,4496
293b,b,470,0.94,36.24501406,-85.90872944,152.33,0,0.66,4370
293a,a,665,2.13,36.24501406,-85.90872944,152.33,0,0.66,4370
219a,a,719,1.55,36.24315809,-85.91822968,149.56,295.46,0.67,4496
219b,b,720,1.2,36.24315809,-85.91822968,149.56,295.46,0.67,4496
