<?xml version="1.0" encoding="UTF-8"?>
<metadata xml:lang="en"><Esri><CreaDate>20220203</CreaDate><CreaTime>12425200</CreaTime><ArcGISFormat>1.0</ArcGISFormat><SyncOnce>TRUE</SyncOnce><DataProperties><lineage><Process ToolSource="c:\program files\arcgis\pro\Resources\ArcToolbox\Toolboxes\Data Management Tools.tbx\Rename" Date="20220203" Time="105400">Rename C:\Users\cbettigo\Documents\ArcGIS\Projects\africa_land_use\africa_lc_500m_1.tif C:\Users\cbettigo\Documents\ArcGIS\Projects\africa_land_use\africa_lc_1km.tif RasterDataset</Process><Process ToolSource="c:\program files\arcgis\pro\Resources\ArcToolbox\Toolboxes\Data Management Tools.tbx\CopyMultiple" Date="20220203" Time="124252">CopyMultiple "C:\Users\cbettigo\Documents\ArcGIS\Projects\africa_land_use\africa_lc_1km.tif raster_file_general;C:\Users\cbettigo\Documents\ArcGIS\Projects\africa_land_use\africa_lc_2001_1km.tif raster_file_general" C:\GIS\Intro_s22\class\week_02\raster africa_lc_1km;africa_lc_2001_1km "africa_lc_1km.tif RasterDataset africa_lc_1km.tif #;africa_lc_2001_1km.tif RasterDataset africa_lc_2001_1km.tif #"</Process></lineage><itemProps><itemLocation><linkage Sync="TRUE">file://\\CBETTIGO-12598\C$\GIS\Intro_s22\class\week_02\raster\africa_lc_1km.tif</linkage><protocol Sync="TRUE">Local Area Network</protocol></itemLocation></itemProps><copyHistory><copy source="C:\Users\cbettigo\Documents\ArcGIS\Projects\africa_land_use\africa_lc_1km.tif" dest="\\CBETTIGO-12598\C$\GIS\Intro_s22\class\week_02\raster\africa_lc_1km.tif" date="20220203" time="12425200"></copy></copyHistory></DataProperties></Esri></metadata>
